{"cameraMode":{"drawMode":0,"name":"Shaded","section":"Shading Mode"},"sceneLighting":true,"audioPlay":false,"sceneViewState":{"m_AlwaysRefresh":false,"showFog":true,"showSkybox":true,"showFlares":true,"showImageEffects":true,"showParticleSystems":true,"showVisualEffectGraphs":true,"m_FxEnabled":true},"in2DMode":false,"pivot":{"x":-2.7058520317077638,"y":1.4365513324737549,"z":-35.16166687011719},"rotation":{"x":-0.014550823718309403,"y":-0.9814573526382446,"z":0.08294329047203064,"w":-0.17222151160240174},"size":0.9949871897697449,"orthographic":true}